Workbook

Sheet Etelek
A1: Név | B1: Költség | C1: Energia (kcal) | D1: Szénhidrát (g) | E1: Zsír (g) | F1: Fehérje (g) | G1: Hozzávalók_db | H1: Hozzávalók_nevek
A2: Bolognai spagetti | B2: 800 | C2: 580 | D2: 65 | E2: 22 | F2: 28 | G2: 4 | H2: Darált marhahús, Spagetti tészta, Paradicsomszósz, Vöröshagyma
A3: Grillezett csirkemell rizzsel | B3: 1100 | C3: 450 | D3: 45 | E3: 8 | F3: 42 | G3: 4 | H3: Csirkemell, Jázmin rizs, Olívaolaj, Brokkoli
A4: Paradicsomos húsgombóc | B4: 700 | C4: 520 | D4: 48 | E4: 24 | F4: 26 | G4: 4 | H4: Darált sertéshús, Főtt burgonya, Paradicsomlé, Tojás
A5: Lencsefőzelék virslivel | B5: 500 | C5: 410 | D5: 38 | E5: 18 | F5: 22 | G5: 4 | H5: Lencse, Bécsi virsli, Tejföl, Babérlevél
A6: Marhapörkölt galuskával | B6: 1500 | C6: 720 | D6: 60 | E6: 35 | F6: 38 | G6: 4 | H6: Marhalábszár, Finomliszt, Tojás, Pirospaprika
A7: Cézár saláta csirkével | B7: 1700 | C7: 380 | D7: 12 | E7: 22 | F7: 32 | G7: 4 | H7: Római saláta, Csirkemell, Parmezán, Kruton
A8: Tojásos nokedli | B8: 400 | C8: 550 | D8: 72 | E8: 18 | F8: 20 | G8: 4 | H8: Finomliszt, Tojás, Étollaj, Fejes saláta
A9: Rakott krumpli | B9: 800 | C9: 680 | D9: 42 | E9: 45 | F9: 28 | G9: 4 | H9: Burgonya, Tojás, Kolbász, Tejföl
A10: Zöldségleves galuskával | B10: 450 | C10: 180 | D10: 25 | E10: 6 | F10: 5 | G10: 4 | H10: Sárgarépa, Fehérrépa, Zeller, Búzadara
A11: Gulyásleves | B11: 800 | C11: 450 | D11: 30 | E11: 25 | F11: 24 | G11: 4 | H11: Marhahús, Burgonya, Vöröshagyma, Csipetke
A12: Túrós csusza tepertővel | B12: 700 | C12: 620 | D12: 58 | E12: 32 | F12: 24 | G12: 4 | H12: Csusza tészta, Túró, Tejföl, Szalonna
A13: Rántott sajt sült krumplival | B13: 1050 | C13: 850 | D13: 75 | E13: 48 | F13: 28 | G13: 4 | H13: Trappista sajt, Burgonya, Zsemlemorzsa, Tartármártás
... A31: Gombapörkölt galuskával | B31: 750 | C31: 490 | D31: 68 | E31: 16 | F31: 14 | G31: 4 | H31: Csiperkegomba, Vöröshagyma, Liszt, Tejföl

Sheet Kategoriak
A1: Kategória név | B1: Leírás / Célkitűzés | C1: Heti max. Energia (kcal) | D1: Heti max. Szénhidrát (g) | E1: Heti max. Zsír (g) | F1: Heti max. Fehérje (g)
A2: "Szálkásító" Pro | B2: Szigorú diéta versenyzőknek vagy intenzív fogyáshoz. | C2: 1300 | D2: 70 | E2: 35 | F2: 200
A3: Tömegnövelő "Hardgainers" | B3: Gyors anyagcseréjűeknek, izomépítéshez magas kerettel. | C3: 4000 | D3: 350 | E3: 270 | F3: 300
A4: Ketogén Alap | B4: Minimális szénhidrát és cukor, magas zsírplafon mellett. | C4: 2100 | D4: 50 | E4: 200 | F4: 180
A5: Irodai Wellness | B5: Ülőmunkát végzőknek, mérsékelt kalóriaigénnyel. | C5: 1600 | D5: 250 | E5: 160 | F5: 150
A6: Low-Carb (Szénhidrátszegény) | B6: Cukorkorlátozás az inzulinrezisztencia megelőzésére. | C6: 2100 | D6: 70 | E6: 180 | F6: 200
A7: Szívbarát (Low-Fat) | B7: Zsírszegény étrend a koleszterinszint kordában tartására. | C7: 2000 | D7: 200 | E7: 150 | F7: 180
A8: Hosszú élet (Longevity) | B8: Mérsékelt fehérje- és kalóriabevitel (autofágia támogatása). | C8: 1500 | D8: 100 | E8: 200 | F8: 100
A9: Hobbi Sportoló | B9: Kiegyensúlyozott, fenntartható vegyes étrend. | C9: 3500 | D9: 300 | E9: 230 | F9: 200

Sheet Statisztika
A1: Top 15 – Költség (Ft) | E1: Top 15 – Energia (kcal) (kcal) | I1: Top 15 – Szénhidrát (g) (g) | M1: Top 15 – Zsír (g) (g) | Q1: Top 15 – Fehérje (g) (g) | U1: Top 15 – Hozzávalók_db (db)
A2: Étel | B2: Költség | E2: Étel | F2: Energia (kcal) | I2: Étel | J2: Szénhidrát (g) | M2: Étel | N2: Zsír (g) | Q2: Étel | R2: Fehérje (g) | U2: Étel
A3: Grillezett lazac spárgával | B3: 1800 | E3: Rántott sajt sült krumplival | F3: 850 | I3: Máglyarakás | J3: 85 | M3: Rántott sajt sült krumplival | N3: 48 | Q3: Grillezett csirkemell rizzsel | R3: 42 | U3: Bolognai spagetti | V3: Hozzávalók_db
A4: Cézár saláta csirkével | B4: 1700 | E4: Milánói sertésborda | F4: 820 | I4: Milánói sertésborda | J4: 78 | M4: Rakott krumpli | N4: 45 | Q4: Chili con Carne | R4: 38 | U4: Grillezett csirkemell rizzsel | V4: 4
A5: Marhapörkölt galuskával | B5: 1500 | E5: Marhapörkölt galuskával | F5: 720 | I5: Rántott sajt sült krumplival | J5: 75 | M5: Brassói aprópecsenye | N5: 42 | Q5: Marhapörkölt galuskával | R5: 38 | U5: Máglyarakás | V5: 4
A6: Milánói sertésborda | B6: 1300 | E6: Brassói aprópecsenye | F6: 710 | I6: Tojásos nokedli | J6: 72 | M6: Milánói sertésborda | N6: 38 | Q6: Milánói sertésborda | R6: 36 | U6: Rizses hús (Bácskai) | V6: 4
A7: Carbonara tészta | B7: 1300 | E7: Rakott krumpli | F7: 680 | I7: Gombapörkölt galuskával | J7: 68 | M7: Székelykáposzta | N7: 38 | Q7: Sült hekk kovászos uborkával | R7: 34 | U7: Lecsó tojással | V7: 4
A8: Chili con Carne | B8: 1200 | E8: Carbonara tészta | F8: 640 | I8: Tonhalas tészta | J8: 68 | M8: Marhapörkölt galuskával | N8: 35 | Q8: Brassói aprópecsenye | R8: 32 | U8: Grillezett lazac spárgával | V8: 4
A9: Brassói aprópecsenye | B9: 1100 | E9: Túrós csusza tepertővel | F9: 620 | I9: Bolognai spagetti | J9: 65 | M9: Carbonara tészta | N9: 34 | Q9: Grillezett lazac spárgával | R9: 32 | U9: Töltött paprika | V9: 4
A10: Grillezett csirkemell rizzsel | B10: 1100 | E10: Máglyarakás | F10: 590 | I10: Carbonara tészta | J10: 62 | M10: Túrós csusza tepertővel | N10: 32 | Q10: Cézár saláta csirkével | R10: 32 | U10: Milánói sertésborda | V10: 4
A11: Tonhalas tészta | B11: 1100 | E11: Bolognai spagetti | F11: 580 | I11: Marhapörkölt galuskával | J11: 60 | M11: Rakott karfiol | N11: 32 | Q11: Rizses hús (Bácskai) | R11: 28 | U11: Székelykáposzta | V11: 4
A12: Sült hekk kovászos uborkával | B12: 1050 | E12: Tojásos nokedli | F12: 550 | I12: Túrós csusza tepertővel | J12: 58 | M12: Grillezett lazac spárgával | N12: 28 | Q12: Székelykáposzta | R12: 28 | U12: Húsleves cérnametélttel | V12: 4
A13: Rántott sajt sült krumplival | B13: 1050 | E13: Székelykáposzta | F13: 540 | I13: Rizses hús (Bácskai) | J13: 55 | M13: Gulyásleves | N13: 25 | Q13: Tonhalas tészta | R13: 28 | U13: Tonhalas tészta | V13: 4
A14: Székelykáposzta | B14: 950 | E14: Tonhalas tészta | F14: 530 | I14: Brassói aprópecsenye | J14: 48 | M14: Sült hekk kovászos uborkával | N14: 25 | Q14: Bolognai spagetti | R14: 28 | U14: Zöldborsófőzelék | V14: 4
A15: Rakott karfiol | B15: 900 | E15: Paradicsomos húsgombóc | F15: 520 | I15: Paradicsomos húsgombóc | J15: 48 | M15: Paradicsomos húsgombóc | N15: 24 | Q15: Rántott sajt sült krumplival | R15: 28 | U15: Rakott karfiol | V15: 4
... A17: Töltött paprika | B17: 800 | E17: Chili con Carne | F17: 510 | I17: Grillezett csirkemell rizzsel | J17: 45 | M17: Lecsó tojással | N17: 22 | Q17: Rakott karfiol | R17: 26 | U17: Görög saláta | V17: 4
V18: 4

Sheet Alapanyagok
A1: kód | B1: hozzávaló
A2: 1 | B2: Darált marhahús
A3: 2 | B3: Spagetti tészta
A4: 3 | B4: Paradicsomszósz
A5: 4 | B5: Vöröshagyma
A6: 5 | B6: Csirkemell
A7: 6 | B7: Jázmin rizs
A8: 7 | B8: Olívaolaj
A9: 8 | B9: Brokkoli
A10: 9 | B10: Darált sertéshús
A11: 10 | B11: Főtt burgonya
A12: 11 | B12: Paradicsomlé
A13: 12 | B13: Tojás
... A87: 86 | B87: Csiperkegomba

Sheet Diétakategória
A1: Kat név | B1: Célkitűzés | C1: Heti max (kcal) | D1: Heti max (Cukor) | E1: Heti max(Zsír) | F1: Heti max (Fehérje)
A2: "Szálkásító" Pro | B2: Szigorú diéta versenyzőknek vagy intenzív fogyáshoz. | C2: 1300 | D2: 70 | E2: 35 | F2: 200
A3: Tömegnövelő "Hardgainers" | B3: Gyors anyagcseréjűeknek, izomépítéshez magas kerettel. | C3: 4000 | D3: 350 | E3: 270 | F3: 300
A4: Ketogén Alap | B4: Minimális szénhidrát és cukor, magas zsírplafon mellett. | C4: 2100 | D4: 50 | E4: 200 | F4: 180
A5: Irodai Wellness | B5: Ülőmunkát végzőknek, mérsékelt kalóriaigénnyel. | C5: 1600 | D5: 250 | E5: 160 | F5: 150
A6: Low-Carb (Szénhidrátszegény) | B6: Cukorkorlátozás az inzulinrezisztencia megelőzésére. | C6: 2100 | D6: 70 | E6: 180 | F6: 200
A7: Szívbarát (Low-Fat) | B7: Zsírszegény étrend a koleszterinszint kordában tartására. | C7: 2000 | D7: 200 | E7: 150 | F7: 180
A8: Hosszú élet (Longevity) | B8: Mérsékelt fehérje- és kalóriabevitel (autofágia támogatása). | C8: 1500 | D8: 100 | E8: 200 | F8: 100
A9: Hobbi Sportoló | B9: Kiegyensúlyozott, fenntartható vegyes étrend. | C9: 3500 | D9: 300 | E9: 230 | F9: 200

Sheet Ételek
A1: ételkód | B1: Név | C1: Költség | D1: Energia | E1: Szénhidrát | F1: Zsír | G1: Fehérje
A2: 1 | B2: Bolognai spagetti | C2: 800 | D2: 580 | E2: 65 | F2: 22 | G2: 28
A3: 2 | B3: Grillezett csirkemell rizzsel | C3: 1100 | D3: 450 | E3: 45 | F3: 8 | G3: 42
A4: 3 | B4: Paradicsomos húsgombóc | C4: 700 | D4: 520 | E4: 48 | F4: 24 | G4: 26
A5: 4 | B5: Lencsefőzelék virslivel | C5: 500 | D5: 410 | E5: 38 | F5: 18 | G5: 22
A6: 5 | B6: Marhapörkölt galuskával | C6: 1500 | D6: 720 | E6: 60 | F6: 35 | G6: 38
A7: 6 | B7: Cézár saláta csirkével | C7: 1700 | D7: 380 | E7: 12 | F7: 22 | G7: 32
A8: 7 | B8: Tojásos nokedli | C8: 400 | D8: 550 | E8: 72 | F8: 18 | G8: 20
A9: 8 | B9: Rakott krumpli | C9: 800 | D9: 680 | E9: 42 | F9: 45 | G9: 28
A10: 9 | B10: Zöldségleves galuskával | C10: 450 | D10: 180 | E10: 25 | F10: 6 | G10: 5
A11: 10 | B11: Gulyásleves | C11: 800 | D11: 450 | E11: 30 | F11: 25 | G11: 24
A12: 11 | B12: Túrós csusza tepertővel | C12: 700 | D12: 620 | E12: 58 | F12: 32 | G12: 24
A13: 12 | B13: Rántott sajt sült krumplival | C13: 1050 | D13: 850 | E13: 75 | F13: 48 | G13: 28
... A31: 30 | B31: Gombapörkölt galuskával | C31: 750 | D31: 490 | E31: 68 | F31: 16 | G31: 14

Sheet Hetimenűk
A1: menü név | B1: Nap | C1: Étel
A2: Szálkásító Pro | B2: Hétfő | C2: Rántott sajt sült krumplival
A3: Szálkásító Pro | B3: Kedd | C3: Milánói sertésborda
A4: Szálkásító Pro | B4: Szerda | C4: Marhapörkölt galuskával
A5: Szálkásító Pro | B5: Csütörtök | C5: Túrós csusza tepertővel
A6: Szálkásító Pro | B6: Péntek | C6: Bolognai spagetti
A7: Tömegnövelő Hardgainers | B7: Hétfő | C7: Rántott sajt sült krumplival
A8: Tömegnövelő Hardgainers | B8: Kedd | C8: Milánói sertésborda
A9: Tömegnövelő Hardgainers | B9: Szerda | C9: Marhapörkölt galuskával
A10: Tömegnövelő Hardgainers | B10: Csütörtök | C10: Brassói aprópecsenye
A11: Tömegnövelő Hardgainers | B11: Péntek | C11: Rakott krumpli
A12: Ketogén Alap | B12: Hétfő | C12: Rántott sajt sült krumplival
... A41: Hobbi Sportoló | B41: Péntek | C41: Rakott krumpli

Sheet Hozzávalók
A1: ékód | B1: hkód | C1: kkód
A2: 1 | B2: 1 | C2: 1
A3: 1 | B3: 2 | C3: 2
A4: 1 | B4: 3 | C4: 3
A5: 1 | B5: 4 | C5: 3
A6: 2 | B6: 5 | C6: 1
A7: 2 | B7: 6 | C7: 2
A8: 2 | B8: 7 | C8: 4
A9: 2 | B9: 8 | C9: 3
A10: 3 | B10: 9 | C10: 1
A11: 3 | B11: 10 | C11: 3
A12: 3 | B12: 11 | C12: 3
A13: 3 | B13: 12 | C13: 5
... A121: 30 | B121: 15 | C121: 8

Sheet Kategóriák
A1: kategória kód | B1: kategória
A2: 1 | B2: Hús
A3: 2 | B3: Gabona
A4: 3 | B4: Zöldség
A5: 4 | B5: Zsiradék
A6: 5 | B6: Állati termék
A7: 6 | B7: Hüvelyes
A8: 7 | B8: Húskészítmény
A9: 8 | B9: Tejtermék
A10: 9 | B10: Fűszer
A11: 10 | B11: Pékáru
A12: 11 | B12: Szósz
A13: 12 | B13: Gyümölcs
... A15: 14 | B15: Édesítő

Sheet Menu
A1: Nap | B1: Étel | C1: Költség | D1: Energia | E1: Szénhidrát | F1: Zsír | G1: Fehérje | H1: Hozzávalók
A2: Hétfő | B2: Rakott krumpli | C2: =VLOOKUP($B2,Etelek!$A$2:$G$100,2,FALSE) -> 800 | D2: =VLOOKUP($B2,Etelek!$A$2:$G$100,3,FALSE) -> 680 | E2: =IFERROR(XLOOKUP($B2,tblEtelek[Név],tblEtelek[Szénhidrát (g)]),VLOOKUP($B2,tblEtelek[],4,FALSE)) -> 42 | F2: =VLOOKUP($B2,Etelek!$A$2:$G$100,5,FALSE) -> 45 | G2: =VLOOKUP($B2,Etelek!$A$2:$G$100,6,FALSE) -> 28 | H2: =VLOOKUP($B2,Etelek!$A$2:$G$100,7,FALSE) -> 4
A3: Kedd | B3: Rakott krumpli | C3: =VLOOKUP($B3,Etelek!$A$2:$G$100,2,FALSE) -> 800 | D3: =VLOOKUP($B3,Etelek!$A$2:$G$100,3,FALSE) -> 680 | E3: =IFERROR(XLOOKUP($B3,tblEtelek[Név],tblEtelek[Szénhidrát (g)]),VLOOKUP($B3,tblEtelek[],4,FALSE)) -> 42 | F3: =VLOOKUP($B3,Etelek!$A$2:$G$100,5,FALSE) -> 45 | G3: =VLOOKUP($B3,Etelek!$A$2:$G$100,6,FALSE) -> 28 | H3: =VLOOKUP($B3,Etelek!$A$2:$G$100,7,FALSE) -> 4
A4: Szerda | B4: Rántott sajt sült krumplival | C4: =VLOOKUP($B4,Etelek!$A$2:$G$100,2,FALSE) -> 1050 | D4: =VLOOKUP($B4,Etelek!$A$2:$G$100,3,FALSE) -> 850 | E4: =IFERROR(XLOOKUP($B4,tblEtelek[Név],tblEtelek[Szénhidrát (g)]),VLOOKUP($B4,tblEtelek[],4,FALSE)) -> 75 | F4: =VLOOKUP($B4,Etelek!$A$2:$G$100,5,FALSE) -> 48 | G4: =VLOOKUP($B4,Etelek!$A$2:$G$100,6,FALSE) -> 28 | H4: =VLOOKUP($B4,Etelek!$A$2:$G$100,7,FALSE) -> 4
A5: Csütörtök | B5: Zöldségleves galuskával | C5: =VLOOKUP($B5,Etelek!$A$2:$G$100,2,FALSE) -> 450 | D5: =VLOOKUP($B5,Etelek!$A$2:$G$100,3,FALSE) -> 180 | E5: =IFERROR(XLOOKUP($B5,tblEtelek[Név],tblEtelek[Szénhidrát (g)]),VLOOKUP($B5,tblEtelek[],4,FALSE)) -> 25 | F5: =VLOOKUP($B5,Etelek!$A$2:$G$100,5,FALSE) -> 6 | G5: =VLOOKUP($B5,Etelek!$A$2:$G$100,6,FALSE) -> 5 | H5: =VLOOKUP($B5,Etelek!$A$2:$G$100,7,FALSE) -> 4
A6: Péntek | B6: Görög saláta | C6: =VLOOKUP($B6,Etelek!$A$2:$G$100,2,FALSE) -> 900 | D6: =VLOOKUP($B6,Etelek!$A$2:$G$100,3,FALSE) -> 280 | E6: =IFERROR(XLOOKUP($B6,tblEtelek[Név],tblEtelek[Szénhidrát (g)]),VLOOKUP($B6,tblEtelek[],4,FALSE)) -> 10 | F6: =VLOOKUP($B6,Etelek!$A$2:$G$100,5,FALSE) -> 22 | G6: =VLOOKUP($B6,Etelek!$A$2:$G$100,6,FALSE) -> 8 | H6: =Menu!M5 -> 0
A8: Összesen: | C8: =SUM(C2:C6) -> 4000 | D8: =SUM(D2:D6) -> 2670 | E8: =SUM(E2:E6) -> 194 | F8: =SUM(F2:F6) -> 166 | G8: =SUM(G2:G6) -> 97 | H8: =SUM(H2:H6) -> 16

Sheet Menu_Eredmeny
A1: Kategória megfelelés a 'Menu' lapon megadott menüre | B1: Kinek? | C1: Energia | D1: Szénhidrát | E1: Zsír | F1: Fehérje | G1: Kcal
B2: Szigorú diéta versenyzőknek vagy intenzív fogyáshoz. | C2: 1300 | D2: 70 | E2: 35 | F2: 200 | G2: =Menu!D8 -> 2670 | H2: =Menu!E8 -> 194 | I2: =Menu!F8 -> 166 | J2: =Menu!G8 -> 97 | K2: =IF(AND(G2<=C2,H2<=D2,I2<=E2,J2<=F2),"IGEN","NEM") -> NEM | L2: =MAX(0,G2-C2)+MAX(0,H2-D2)+MAX(0,I2-E2)+MAX(0,J2-F2) -> 1625
A3: Típus | B3: Gyors anyagcseréjűeknek, izomépítéshez magas kerettel. | C3: 4000 | D3: 350 | E3: 270 | F3: 300 | G3: =Menu!D8 -> 2670 | H3: =Menu!E8 -> 194 | I3: =Menu!F8 -> 166 | J3: =Menu!G8 -> 97 | K3: =IF(AND(G3<=C3,H3<=D3,I3<=E3,J3<=F3),"IGEN","NEM") -> IGEN | L3: =MAX(0,G3-C3)+MAX(0,H3-D3)+MAX(0,I3-E3)+MAX(0,J3-F3) -> 0
A4: "Szálkásító" Pro | B4: Minimális szénhidrát és cukor, magas zsírplafon mellett. | C4: 2100 | D4: 50 | E4: 200 | F4: 180 | G4: =Menu!D8 -> 2670 | H4: =Menu!E8 -> 194 | I4: =Menu!F8 -> 166 | J4: =Menu!G8 -> 97 | K4: =IF(AND(G4<=C4,H4<=D4,I4<=E4,J4<=F4),"IGEN","NEM") -> NEM | L4: =MAX(0,G4-C4)+MAX(0,H4-D4)+MAX(0,I4-E4)+MAX(0,J4-F4) -> 714
A5: Tömegnövelő "Hardgainers" | B5: Ülőmunkát végzőknek, mérsékelt kalóriaigénnyel. | C5: 1600 | D5: 250 | E5: 160 | F5: 150 | G5: =Menu!D8 -> 2670 | H5: =Menu!E8 -> 194 | I5: =Menu!F8 -> 166 | J5: =Menu!G8 -> 97 | K5: =IF(AND(G5<=C5,H5<=D5,I5<=E5,J5<=F5),"IGEN","NEM") -> NEM | L5: =MAX(0,G5-C5)+MAX(0,H5-D5)+MAX(0,I5-E5)+MAX(0,J5-F5) -> 1076
A6: Ketogén Alap | B6: Cukorkorlátozás az inzulinrezisztencia megelőzésére. | C6: 2100 | D6: 70 | E6: 180 | F6: 200 | G6: =Menu!D8 -> 2670 | H6: =Menu!E8 -> 194 | I6: =Menu!F8 -> 166 | J6: =Menu!G8 -> 97 | K6: =IF(AND(G6<=C6,H6<=D6,I6<=E6,J6<=F6),"IGEN","NEM") -> NEM | L6: =MAX(0,G6-C6)+MAX(0,H6-D6)+MAX(0,I6-E6)+MAX(0,J6-F6) -> 694
A7: Irodai Wellness | B7: Zsírszegény étrend a koleszterinszint kordában tartására. | C7: 2000 | D7: 200 | E7: 150 | F7: 180 | G7: =Menu!D8 -> 2670 | H7: =Menu!E8 -> 194 | I7: =Menu!F8 -> 166 | J7: =Menu!G8 -> 97 | K7: =IF(AND(G7<=C7,H7<=D7,I7<=E7,J7<=F7),"IGEN","NEM") -> NEM | L7: =MAX(0,G7-C7)+MAX(0,H7-D7)+MAX(0,I7-E7)+MAX(0,J7-F7) -> 686
A8: Low-Carb (Szénhidrátszegény) | B8: Mérsékelt fehérje- és kalóriabevitel (autofágia támogatása). | C8: 1500 | D8: 100 | E8: 200 | F8: 100 | G8: =Menu!D8 -> 2670 | H8: =Menu!E8 -> 194 | I8: =Menu!F8 -> 166 | J8: =Menu!G8 -> 97 | K8: =IF(AND(G8<=C8,H8<=D8,I8<=E8,J8<=F8),"IGEN","NEM") -> NEM | L8: =MAX(0,G8-C8)+MAX(0,H8-D8)+MAX(0,I8-E8)+MAX(0,J8-F8) -> 1264
A9: Szívbarát (Low-Fat) | B9: Kiegyensúlyozott, fenntartható vegyes étrend. | C9: 3500 | D9: 300 | E9: 230 | F9: 200 | G9: =Menu!D8 -> 2670 | H9: =Menu!E8 -> 194 | I9: =Menu!F8 -> 166 | J9: =Menu!G8 -> 97 | K9: =IF(AND(G9<=C9,H9<=D9,I9<=E9,J9<=F9),"IGEN","NEM") -> IGEN | L9: =MAX(0,G9-C9)+MAX(0,H9-D9)+MAX(0,I9-E9)+MAX(0,J9-F9) -> 0
A10: Hosszú élet (Longevity)
A11: Hobbi Sportoló

Sheet Menu_Szálkásító Pro
A1: Nap | B1: Étel | C1: Költség (Ft) | D1: Energia (kcal) | E1: Szénhidrát (g) | F1: Zsír (g) | G1: Fehérje (g) | H1: Hozzávalók (db)
A2: Hétfő | B2: Zöldségleves galuskával | C2: 450 | D2: 180 | E2: 25 | F2: 6 | G2: 5 | H2: 4
A3: Kedd | B3: Húsleves cérnametélttel | C3: 650 | D3: 210 | E3: 18 | F3: 8 | G3: 16 | H3: 4
A4: Szerda | B4: Lecsó tojással | C4: 400 | D4: 310 | E4: 15 | F4: 22 | G4: 14 | H4: 4
A5: Csütörtök | B5: Görög saláta | C5: 900 | D5: 280 | E5: 10 | F5: 22 | G5: 8 | H5: 4
A6: Péntek | B6: Húsleves cérnametélttel | C6: 650 | D6: 210 | E6: 18 | F6: 8 | G6: 16 | H6: 4
A8: Összesen: | C8: =SUM(C2:C6) -> 3050 | D8: =SUM(D2:D6) -> 1190 | E8: =SUM(E2:E6) -> 86 | F8: =SUM(F2:F6) -> 66 | G8: =SUM(G2:G6) -> 59 | H8: =SUM(H2:H6) -> 20
A10: Korlátok (heti max) és ellenőrzés:
B11: Energia | C11: 1300 | D11: Menü | E11: =D8 -> 1190
B12: Szénhidrát | C12: 70 | D12: Menü | E12: =E8 -> 86
B13: Zsír | C13: 35 | D13: Menü | E13: =F8 -> 66
B14: Fehérje | C14: 200 | D14: Menü | E14: =G8 -> 59
B16: Megfelel? | C16: =IF(AND(E11<=C11,E12<=C12,E13<=C13,E14<=C14),"IGEN","NEM") -> NEM

Sheet Menu_olcso_Szálkásító Pro
A1: Nap | B1: Étel | C1: Költség (Ft) | D1: Energia (kcal) | E1: Szénhidrát (g) | F1: Zsír (g) | G1: Fehérje (g) | H1: Hozzávalók (db)
A2: Hétfő | B2: Húsleves cérnametélttel | C2: 650 | D2: 210 | E2: 18 | F2: 8 | G2: 16 | H2: 4
A3: Kedd | B3: Görög saláta | C3: 900 | D3: 280 | E3: 10 | F3: 22 | G3: 8 | H3: 4
A4: Szerda | B4: Húsleves cérnametélttel | C4: 650 | D4: 210 | E4: 18 | F4: 8 | G4: 16 | H4: 4
A5: Csütörtök | B5: Görög saláta | C5: 900 | D5: 280 | E5: 10 | F5: 22 | G5: 8 | H5: 4
A6: Péntek | B6: Zöldségleves galuskával | C6: 450 | D6: 180 | E6: 25 | F6: 6 | G6: 5 | H6: 4
A8: Összesen: | C8: =SUM(C2:C6) -> 3550 | D8: =SUM(D2:D6) -> 1160 | E8: =SUM(E2:E6) -> 81 | F8: =SUM(F2:F6) -> 66 | G8: =SUM(G2:G6) -> 53 | H8: =SUM(H2:H6) -> 20
A10: Korlátok (heti max) és ellenőrzés:
B11: Energia | C11: 1300 | D11: Menü | E11: =D8 -> 1160
B12: Szénhidrát | C12: 70 | D12: Menü | E12: =E8 -> 81
B13: Zsír | C13: 35 | D13: Menü | E13: =F8 -> 66
B14: Fehérje | C14: 200 | D14: Menü | E14: =G8 -> 53
B16: Megfelel? | C16: =IF(AND(E11<=C11,E12<=C12,E13<=C13,E14<=C14),"IGEN","NEM") -> NEM

Sheet Menu_Tömegnövelő Hardgainers
A1: Nap | B1: Étel | C1: Költség (Ft) | D1: Energia (kcal) | E1: Szénhidrát (g) | F1: Zsír (g) | G1: Fehérje (g) | H1: Hozzávalók (db)
A2: Hétfő | B2: Tojásos nokedli | C2: 400 | D2: 550 | E2: 72 | F2: 18 | G2: 20 | H2: 4
A3: Kedd | B3: Lecsó tojással | C3: 400 | D3: 310 | E3: 15 | F3: 22 | G3: 14 | H3: 4
A4: Szerda | B4: Rizses hús (Bácskai) | C4: 550 | D4: 520 | E4: 55 | F4: 18 | G4: 28 | H4: 4
A5: Csütörtök | B5: Zöldborsófőzelék | C5: 350 | D5: 320 | E5: 42 | F5: 10 | G5: 14 | H5: 4
A6: Péntek | B6: Zöldborsófőzelék | C6: 350 | D6: 320 | E6: 42 | F6: 10 | G6: 14 | H6: 4
A8: Összesen: | C8: =SUM(C2:C6) -> 2050 | D8: =SUM(D2:D6) -> 2020 | E8: =SUM(E2:E6) -> 226 | F8: =SUM(F2:F6) -> 78 | G8: =SUM(G2:G6) -> 90 | H8: =SUM(H2:H6) -> 20
A10: Korlátok (heti max) és ellenőrzés:
B11: Energia | C11: 4000 | D11: Menü | E11: =D8 -> 2020
B12: Szénhidrát | C12: 350 | D12: Menü | E12: =E8 -> 226
B13: Zsír | C13: 270 | D13: Menü | E13: =F8 -> 78
B14: Fehérje | C14: 300 | D14: Menü | E14: =G8 -> 90
B16: Megfelel? | C16: =IF(AND(E11<=C11,E12<=C12,E13<=C13,E14<=C14),"IGEN","NEM") -> IGEN

Sheet Menu_olcso_Tömegnövelő Hardgain
A1: Nap | B1: Étel | C1: Költség (Ft) | D1: Energia (kcal) | E1: Szénhidrát (g) | F1: Zsír (g) | G1: Fehérje (g) | H1: Hozzávalók (db)
A2: Hétfő | B2: Zöldborsófőzelék | C2: 350 | D2: 320 | E2: 42 | F2: 10 | G2: 14 | H2: 4
A3: Kedd | B3: Lencsefőzelék virslivel | C3: 500 | D3: 410 | E3: 38 | F3: 18 | G3: 22 | H3: 4
A4: Szerda | B4: Tojásos nokedli | C4: 400 | D4: 550 | E4: 72 | F4: 18 | G4: 20 | H4: 4
A5: Csütörtök | B5: Máglyarakás | C5: 650 | D5: 590 | E5: 85 | F5: 18 | G5: 16 | H5: 4
A6: Péntek | B6: Rizses hús (Bácskai) | C6: 550 | D6: 520 | E6: 55 | F6: 18 | G6: 28 | H6: 4
A8: Összesen: | C8: =SUM(C2:C6) -> 2450 | D8: =SUM(D2:D6) -> 2390 | E8: =SUM(E2:E6) -> 292 | F8: =SUM(F2:F6) -> 82 | G8: =SUM(G2:G6) -> 100 | H8: =SUM(H2:H6) -> 20
A10: Korlátok (heti max) és ellenőrzés:
B11: Energia | C11: 4000 | D11: Menü | E11: =D8 -> 2390
B12: Szénhidrát | C12: 350 | D12: Menü | E12: =E8 -> 292
B13: Zsír | C13: 270 | D13: Menü | E13: =F8 -> 82
B14: Fehérje | C14: 300 | D14: Menü | E14: =G8 -> 100
B16: Megfelel? | C16: =IF(AND(E11<=C11,E12<=C12,E13<=C13,E14<=C14),"IGEN","NEM") -> IGEN

Sheet Menu_Ketogén Alap
A1: Nap | B1: Étel | C1: Költség (Ft) | D1: Energia (kcal) | E1: Szénhidrát (g) | F1: Zsír (g) | G1: Fehérje (g) | H1: Hozzávalók (db)
A2: Hétfő | B2: Görög saláta | C2: 900 | D2: 280 | E2: 10 | F2: 22 | G2: 8 | H2: 4
A3: Kedd | B3: Grillezett lazac spárgával | C3: 1800 | D3: 410 | E3: 8 | F3: 28 | G3: 32 | H3: 4
A4: Szerda | B4: Görög saláta | C4: 900 | D4: 280 | E4: 10 | F4: 22 | G4: 8 | H4: 4
A5: Csütörtök | B5: Görög saláta | C5: 900 | D5: 280 | E5: 10 | F5: 22 | G5: 8 | H5: 4
A6: Péntek | B6: Görög saláta | C6: 900 | D6: 280 | E6: 10 | F6: 22 | G6: 8 | H6: 4
A8: Összesen: | C8: =SUM(C2:C6) -> 5400 | D8: =SUM(D2:D6) -> 1530 | E8: =SUM(E2:E6) -> 48 | F8: =SUM(F2:F6) -> 116 | G8: =SUM(G2:G6) -> 64 | H8: =SUM(H2:H6) -> 20
A10: Korlátok (heti max) és ellenőrzés:
B11: Energia | C11: 2100 | D11: Menü | E11: =D8 -> 1530
B12: Szénhidrát | C12: 50 | D12: Menü | E12: =E8 -> 48
B13: Zsír | C13: 200 | D13: Menü | E13: =F8 -> 116
B14: Fehérje | C14: 180 | D14: Menü | E14: =G8 -> 64
B16: Megfelel? | C16: =IF(AND(E11<=C11,E12<=C12,E13<=C13,E14<=C14),"IGEN","NEM") -> IGEN

Sheet Menu_olcso_Ketogén Alap
A1: Nap | B1: Étel | C1: Költség (Ft) | D1: Energia (kcal) | E1: Szénhidrát (g) | F1: Zsír (g) | G1: Fehérje (g) | H1: Hozzávalók (db)
A2: Hétfő | B2: Grillezett lazac spárgával | C2: 1800 | D2: 410 | E2: 8 | F2: 28 | G2: 32 | H2: 4
A3: Kedd | B3: Grillezett lazac spárgával | C3: 1800 | D3: 410 | E3: 8 | F3: 28 | G3: 32 | H3: 4
A4: Szerda | B4: Görög saláta | C4: 900 | D4: 280 | E4: 10 | F4: 22 | G4: 8 | H4: 4
A5: Csütörtök | B5: Cézár saláta csirkével | C5: 1700 | D5: 380 | E5: 12 | F5: 22 | G5: 32 | H5: 4
A6: Péntek | B6: Cézár saláta csirkével | C6: 1700 | D6: 380 | E6: 12 | F6: 22 | G6: 32 | H6: 4
A8: Összesen: | C8: =SUM(C2:C6) -> 7900 | D8: =SUM(D2:D6) -> 1860 | E8: =SUM(E2:E6) -> 50 | F8: =SUM(F2:F6) -> 122 | G8: =SUM(G2:G6) -> 136 | H8: =SUM(H2:H6) -> 20
A10: Korlátok (heti max) és ellenőrzés:
B11: Energia | C11: 2100 | D11: Menü | E11: =D8 -> 1860
B12: Szénhidrát | C12: 50 | D12: Menü | E12: =E8 -> 50
B13: Zsír | C13: 200 | D13: Menü | E13: =F8 -> 122
B14: Fehérje | C14: 180 | D14: Menü | E14: =G8 -> 136
B16: Megfelel? | C16: =IF(AND(E11<=C11,E12<=C12,E13<=C13,E14<=C14),"IGEN","NEM") -> IGEN

Sheet Menu_Irodai Wellness
A1: Nap | B1: Étel | C1: Költség (Ft) | D1: Energia (kcal) | E1: Szénhidrát (g) | F1: Zsír (g) | G1: Fehérje (g) | H1: Hozzávalók (db)
A2: Hétfő | B2: Lecsó tojással | C2: 400 | D2: 310 | E2: 15 | F2: 22 | G2: 14 | H2: 4
A3: Kedd | B3: Zöldborsófőzelék | C3: 350 | D3: 320 | E3: 42 | F3: 10 | G3: 14 | H3: 4
A4: Szerda | B4: Húsleves cérnametélttel | C4: 650 | D4: 210 | E4: 18 | F4: 8 | G4: 16 | H4: 4
A5: Csütörtök | B5: Paprikás krumpli | C5: 550 | D5: 380 | E5: 45 | F5: 18 | G5: 10 | H5: 4
A6: Péntek | B6: Zöldségleves galuskával | C6: 450 | D6: 180 | E6: 25 | F6: 6 | G6: 5 | H6: 4
A8: Összesen: | C8: =SUM(C2:C6) -> 2400 | D8: =SUM(D2:D6) -> 1400 | E8: =SUM(E2:E6) -> 145 | F8: =SUM(F2:F6) -> 64 | G8: =SUM(G2:G6) -> 59 | H8: =SUM(H2:H6) -> 20
A10: Korlátok (heti max) és ellenőrzés:
B11: Energia | C11: 1600 | D11: Menü | E11: =D8 -> 1400
B12: Szénhidrát | C12: 250 | D12: Menü | E12: =E8 -> 145
B13: Zsír | C13: 160 | D13: Menü | E13: =F8 -> 64
B14: Fehérje | C14: 150 | D14: Menü | E14: =G8 -> 59
B16: Megfelel? | C16: =IF(AND(E11<=C11,E12<=C12,E13<=C13,E14<=C14),"IGEN","NEM") -> IGEN

Sheet Menu_olcso_Irodai Wellness
A1: Nap | B1: Étel | C1: Költség (Ft) | D1: Energia (kcal) | E1: Szénhidrát (g) | F1: Zsír (g) | G1: Fehérje (g) | H1: Hozzávalók (db)
A2: Hétfő | B2: Húsleves cérnametélttel | C2: 650 | D2: 210 | E2: 18 | F2: 8 | G2: 16 | H2: 4
A3: Kedd | B3: Zöldborsófőzelék | C3: 350 | D3: 320 | E3: 42 | F3: 10 | G3: 14 | H3: 4
A4: Szerda | B4: Paprikás krumpli | C4: 550 | D4: 380 | E4: 45 | F4: 18 | G4: 10 | H4: 4
A5: Csütörtök | B5: Görög saláta | C5: 900 | D5: 280 | E5: 10 | F5: 22 | G5: 8 | H5: 4
A6: Péntek | B6: Lencsefőzelék virslivel | C6: 500 | D6: 410 | E6: 38 | F6: 18 | G6: 22 | H6: 4
A8: Összesen: | C8: =SUM(C2:C6) -> 2950 | D8: =SUM(D2:D6) -> 1600 | E8: =SUM(E2:E6) -> 153 | F8: =SUM(F2:F6) -> 76 | G8: =SUM(G2:G6) -> 70 | H8: =SUM(H2:H6) -> 20
A10: Korlátok (heti max) és ellenőrzés:
B11: Energia | C11: 1600 | D11: Menü | E11: =D8 -> 1600
B12: Szénhidrát | C12: 250 | D12: Menü | E12: =E8 -> 153
B13: Zsír | C13: 160 | D13: Menü | E13: =F8 -> 76
B14: Fehérje | C14: 150 | D14: Menü | E14: =G8 -> 70
B16: Megfelel? | C16: =IF(AND(E11<=C11,E12<=C12,E13<=C13,E14<=C14),"IGEN","NEM") -> IGEN

Sheet Menu_Low-Carb (Szénhidrátszegén
A1: Nap | B1: Étel | C1: Költség (Ft) | D1: Energia (kcal) | E1: Szénhidrát (g) | F1: Zsír (g) | G1: Fehérje (g) | H1: Hozzávalók (db)
A2: Hétfő | B2: Lecsó tojással | C2: 400 | D2: 310 | E2: 15 | F2: 22 | G2: 14 | H2: 4
A3: Kedd | B3: Lecsó tojással | C3: 400 | D3: 310 | E3: 15 | F3: 22 | G3: 14 | H3: 4
A4: Szerda | B4: Grillezett lazac spárgával | C4: 1800 | D4: 410 | E4: 8 | F4: 28 | G4: 32 | H4: 4
A5: Csütörtök | B5: Görög saláta | C5: 900 | D5: 280 | E5: 10 | F5: 22 | G5: 8 | H5: 4
A6: Péntek | B6: Görög saláta | C6: 900 | D6: 280 | E6: 10 | F6: 22 | G6: 8 | H6: 4
A8: Összesen: | C8: =SUM(C2:C6) -> 4400 | D8: =SUM(D2:D6) -> 1590 | E8: =SUM(E2:E6) -> 58 | F8: =SUM(F2:F6) -> 116 | G8: =SUM(G2:G6) -> 76 | H8: =SUM(H2:H6) -> 20
A10: Korlátok (heti max) és ellenőrzés:
B11: Energia | C11: 2100 | D11: Menü | E11: =D8 -> 1590
B12: Szénhidrát | C12: 70 | D12: Menü | E12: =E8 -> 58
B13: Zsír | C13: 180 | D13: Menü | E13: =F8 -> 116
B14: Fehérje | C14: 200 | D14: Menü | E14: =G8 -> 76
B16: Megfelel? | C16: =IF(AND(E11<=C11,E12<=C12,E13<=C13,E14<=C14),"IGEN","NEM") -> IGEN

Sheet Menu_olcso_Low-Carb (Szénhidrát
A1: Nap | B1: Étel | C1: Költség (Ft) | D1: Energia (kcal) | E1: Szénhidrát (g) | F1: Zsír (g) | G1: Fehérje (g) | H1: Hozzávalók (db)
A2: Hétfő | B2: Görög saláta | C2: 900 | D2: 280 | E2: 10 | F2: 22 | G2: 8 | H2: 4
A3: Kedd | B3: Húsleves cérnametélttel | C3: 650 | D3: 210 | E3: 18 | F3: 8 | G3: 16 | H3: 4
A4: Szerda | B4: Lecsó tojással | C4: 400 | D4: 310 | E4: 15 | F4: 22 | G4: 14 | H4: 4
A5: Csütörtök | B5: Székelykáposzta | C5: 950 | D5: 540 | E5: 15 | F5: 38 | G5: 28 | H5: 4
A6: Péntek | B6: Cézár saláta csirkével | C6: 1700 | D6: 380 | E6: 12 | F6: 22 | G6: 32 | H6: 4
A8: Összesen: | C8: =SUM(C2:C6) -> 4600 | D8: =SUM(D2:D6) -> 1720 | E8: =SUM(E2:E6) -> 70 | F8: =SUM(F2:F6) -> 112 | G8: =SUM(G2:G6) -> 98 | H8: =SUM(H2:H6) -> 20
A10: Korlátok (heti max) és ellenőrzés:
B11: Energia | C11: 2100 | D11: Menü | E11: =D8 -> 1720
B12: Szénhidrát | C12: 70 | D12: Menü | E12: =E8 -> 70
B13: Zsír | C13: 180 | D13: Menü | E13: =F8 -> 112
B14: Fehérje | C14: 200 | D14: Menü | E14: =G8 -> 98
B16: Megfelel? | C16: =IF(AND(E11<=C11,E12<=C12,E13<=C13,E14<=C14),"IGEN","NEM") -> IGEN

Sheet Menu_Szívbarát (Low-Fat)
A1: Nap | B1: Étel | C1: Költség (Ft) | D1: Energia (kcal) | E1: Szénhidrát (g) | F1: Zsír (g) | G1: Fehérje (g) | H1: Hozzávalók (db)
A2: Hétfő | B2: Tojásos nokedli | C2: 400 | D2: 550 | E2: 72 | F2: 18 | G2: 20 | H2: 4
A3: Kedd | B3: Lecsó tojással | C3: 400 | D3: 310 | E3: 15 | F3: 22 | G3: 14 | H3: 4
A4: Szerda | B4: Zöldborsófőzelék | C4: 350 | D4: 320 | E4: 42 | F4: 10 | G4: 14 | H4: 4
A5: Csütörtök | B5: Lencsefőzelék virslivel | C5: 500 | D5: 410 | E5: 38 | F5: 18 | G5: 22 | H5: 4
A6: Péntek | B6: Lecsó tojással | C6: 400 | D6: 310 | E6: 15 | F6: 22 | G6: 14 | H6: 4
A8: Összesen: | C8: =SUM(C2:C6) -> 2050 | D8: =SUM(D2:D6) -> 1900 | E8: =SUM(E2:E6) -> 182 | F8: =SUM(F2:F6) -> 90 | G8: =SUM(G2:G6) -> 84 | H8: =SUM(H2:H6) -> 20
A10: Korlátok (heti max) és ellenőrzés:
B11: Energia | C11: 2000 | D11: Menü | E11: =D8 -> 1900
B12: Szénhidrát | C12: 200 | D12: Menü | E12: =E8 -> 182
B13: Zsír | C13: 150 | D13: Menü | E13: =F8 -> 90
B14: Fehérje | C14: 180 | D14: Menü | E14: =G8 -> 84
B16: Megfelel? | C16: =IF(AND(E11<=C11,E12<=C12,E13<=C13,E14<=C14),"IGEN","NEM") -> IGEN

Sheet Menu_olcso_Szívbarát (Low-Fat)
A1: Nap | B1: Étel | C1: Költség (Ft) | D1: Energia (kcal) | E1: Szénhidrát (g) | F1: Zsír (g) | G1: Fehérje (g) | H1: Hozzávalók (db)
A2: Hétfő | B2: Lencsefőzelék virslivel | C2: 500 | D2: 410 | E2: 38 | F2: 18 | G2: 22 | H2: 4
A3: Kedd | B3: Máglyarakás | C3: 650 | D3: 590 | E3: 85 | F3: 18 | G3: 16 | H3: 4
A4: Szerda | B4: Húsleves cérnametélttel | C4: 650 | D4: 210 | E4: 18 | F4: 8 | G4: 16 | H4: 4
A5: Csütörtök | B5: Zöldborsófőzelék | C5: 350 | D5: 320 | E5: 42 | F5: 10 | G5: 14 | H5: 4
A6: Péntek | B6: Lecsó tojással | C6: 400 | D6: 310 | E6: 15 | F6: 22 | G6: 14 | H6: 4
A8: Összesen: | C8: =SUM(C2:C6) -> 2550 | D8: =SUM(D2:D6) -> 1840 | E8: =SUM(E2:E6) -> 198 | F8: =SUM(F2:F6) -> 76 | G8: =SUM(G2:G6) -> 82 | H8: =SUM(H2:H6) -> 20
A10: Korlátok (heti max) és ellenőrzés:
B11: Energia | C11: 2000 | D11: Menü | E11: =D8 -> 1840
B12: Szénhidrát | C12: 200 | D12: Menü | E12: =E8 -> 198
B13: Zsír | C13: 150 | D13: Menü | E13: =F8 -> 76
B14: Fehérje | C14: 180 | D14: Menü | E14: =G8 -> 82
B16: Megfelel? | C16: =IF(AND(E11<=C11,E12<=C12,E13<=C13,E14<=C14),"IGEN","NEM") -> IGEN

Sheet Menu_Hosszú élet (Longevity)
A1: Nap | B1: Étel | C1: Költség (Ft) | D1: Energia (kcal) | E1: Szénhidrát (g) | F1: Zsír (g) | G1: Fehérje (g) | H1: Hozzávalók (db)
A2: Hétfő | B2: Görög saláta | C2: 900 | D2: 280 | E2: 10 | F2: 22 | G2: 8 | H2: 4
A3: Kedd | B3: Lecsó tojással | C3: 400 | D3: 310 | E3: 15 | F3: 22 | G3: 14 | H3: 4
A4: Szerda | B4: Görög saláta | C4: 900 | D4: 280 | E4: 10 | F4: 22 | G4: 8 | H4: 4
A5: Csütörtök | B5: Zöldségleves galuskával | C5: 450 | D5: 180 | E5: 25 | F5: 6 | G5: 5 | H5: 4
A6: Péntek | B6: Lencsefőzelék virslivel | C6: 500 | D6: 410 | E6: 38 | F6: 18 | G6: 22 | H6: 4
A8: Összesen: | C8: =SUM(C2:C6) -> 3150 | D8: =SUM(D2:D6) -> 1460 | E8: =SUM(E2:E6) -> 98 | F8: =SUM(F2:F6) -> 90 | G8: =SUM(G2:G6) -> 57 | H8: =SUM(H2:H6) -> 20
A10: Korlátok (heti max) és ellenőrzés:
B11: Energia | C11: 1500 | D11: Menü | E11: =D8 -> 1460
B12: Szénhidrát | C12: 100 | D12: Menü | E12: =E8 -> 98
B13: Zsír | C13: 200 | D13: Menü | E13: =F8 -> 90
B14: Fehérje | C14: 100 | D14: Menü | E14: =G8 -> 57
B16: Megfelel? | C16: =IF(AND(E11<=C11,E12<=C12,E13<=C13,E14<=C14),"IGEN","NEM") -> IGEN

Sheet Menu_olcso_Hosszú élet (Longevi
A1: Nap | B1: Étel | C1: Költség (Ft) | D1: Energia (kcal) | E1: Szénhidrát (g) | F1: Zsír (g) | G1: Fehérje (g) | H1: Hozzávalók (db)
A2: Hétfő | B2: Görög saláta | C2: 900 | D2: 280 | E2: 10 | F2: 22 | G2: 8 | H2: 4
A3: Kedd | B3: Zöldségleves galuskával | C3: 450 | D3: 180 | E3: 25 | F3: 6 | G3: 5 | H3: 4
A4: Szerda | B4: Lecsó tojással | C4: 400 | D4: 310 | E4: 15 | F4: 22 | G4: 14 | H4: 4
A5: Csütörtök | B5: Lecsó tojással | C5: 400 | D5: 310 | E5: 15 | F5: 22 | G5: 14 | H5: 4
A6: Péntek | B6: Sült hekk kovászos uborkával | C6: 1050 | D6: 420 | E6: 15 | F6: 25 | G6: 34 | H6: 4
A8: Összesen: | C8: =SUM(C2:C6) -> 3200 | D8: =SUM(D2:D6) -> 1500 | E8: =SUM(E2:E6) -> 80 | F8: =SUM(F2:F6) -> 97 | G8: =SUM(G2:G6) -> 75 | H8: =SUM(H2:H6) -> 20
A10: Korlátok (heti max) és ellenőrzés:
B11: Energia | C11: 1500 | D11: Menü | E11: =D8 -> 1500
B12: Szénhidrát | C12: 100 | D12: Menü | E12: =E8 -> 80
B13: Zsír | C13: 200 | D13: Menü | E13: =F8 -> 97
B14: Fehérje | C14: 100 | D14: Menü | E14: =G8 -> 75
B16: Megfelel? | C16: =IF(AND(E11<=C11,E12<=C12,E13<=C13,E14<=C14),"IGEN","NEM") -> IGEN

Sheet Menu_Hobbi Sportoló
A1: Nap | B1: Étel | C1: Költség (Ft) | D1: Energia (kcal) | E1: Szénhidrát (g) | F1: Zsír (g) | G1: Fehérje (g) | H1: Hozzávalók (db)
A2: Hétfő | B2: Zöldségleves galuskával | C2: 450 | D2: 180 | E2: 25 | F2: 6 | G2: 5 | H2: 4
A3: Kedd | B3: Tojásos nokedli | C3: 400 | D3: 550 | E3: 72 | F3: 18 | G3: 20 | H3: 4
A4: Szerda | B4: Zöldborsófőzelék | C4: 350 | D4: 320 | E4: 42 | F4: 10 | G4: 14 | H4: 4
A5: Csütörtök | B5: Zöldborsófőzelék | C5: 350 | D5: 320 | E5: 42 | F5: 10 | G5: 14 | H5: 4
A6: Péntek | B6: Tojásos nokedli | C6: 400 | D6: 550 | E6: 72 | F6: 18 | G6: 20 | H6: 4
A8: Összesen: | C8: =SUM(C2:C6) -> 1950 | D8: =SUM(D2:D6) -> 1920 | E8: =SUM(E2:E6) -> 253 | F8: =SUM(F2:F6) -> 62 | G8: =SUM(G2:G6) -> 73 | H8: =SUM(H2:H6) -> 20
A10: Korlátok (heti max) és ellenőrzés:
B11: Energia | C11: 3500 | D11: Menü | E11: =D8 -> 1920
B12: Szénhidrát | C12: 300 | D12: Menü | E12: =E8 -> 253
B13: Zsír | C13: 230 | D13: Menü | E13: =F8 -> 62
B14: Fehérje | C14: 200 | D14: Menü | E14: =G8 -> 73
B16: Megfelel? | C16: =IF(AND(E11<=C11,E12<=C12,E13<=C13,E14<=C14),"IGEN","NEM") -> IGEN

Sheet Menu_olcso_Hobbi Sportoló
A1: Nap | B1: Étel | C1: Költség (Ft) | D1: Energia (kcal) | E1: Szénhidrát (g) | F1: Zsír (g) | G1: Fehérje (g) | H1: Hozzávalók (db)
A2: Hétfő | B2: Tojásos nokedli | C2: 400 | D2: 550 | E2: 72 | F2: 18 | G2: 20 | H2: 4
A3: Kedd | B3: Zöldségleves galuskával | C3: 450 | D3: 180 | E3: 25 | F3: 6 | G3: 5 | H3: 4
A4: Szerda | B4: Máglyarakás | C4: 650 | D4: 590 | E4: 85 | F4: 18 | G4: 16 | H4: 4
A5: Csütörtök | B5: Töltött paprika | C5: 800 | D5: 460 | E5: 42 | F5: 20 | G5: 24 | H5: 4
A6: Péntek | B6: Zöldborsófőzelék | C6: 350 | D6: 320 | E6: 42 | F6: 10 | G6: 14 | H6: 4
A8: Összesen: | C8: =SUM(C2:C6) -> 2650 | D8: =SUM(D2:D6) -> 2100 | E8: =SUM(E2:E6) -> 266 | F8: =SUM(F2:F6) -> 72 | G8: =SUM(G2:G6) -> 79 | H8: =SUM(H2:H6) -> 20
A10: Korlátok (heti max) és ellenőrzés:
B11: Energia | C11: 3500 | D11: Menü | E11: =D8 -> 2100
B12: Szénhidrát | C12: 300 | D12: Menü | E12: =E8 -> 266
B13: Zsír | C13: 230 | D13: Menü | E13: =F8 -> 72
B14: Fehérje | C14: 200 | D14: Menü | E14: =G8 -> 79
B16: Megfelel? | C16: =IF(AND(E11<=C11,E12<=C12,E13<=C13,E14<=C14),"IGEN","NEM") -> IGEN
